id,item_id,dept_id,cat_id,store_id,state_id,w_1,w_2,w_3,w_4,w_5,w_6,w_7,w_8,w_9,w_10,w_11,w_12,w_13,w_14,w_15,w_16,w_17,w_18,w_19,w_20,w_21,w_22,w_23,w_24,w_25,w_26,w_27,w_28,w_29,w_30,w_31,w_32,w_33,w_34,w_35,w_36,w_37,w_38,w_39,w_40,w_41,w_42,w_43,w_44,w_45,w_46,w_47,w_48,w_49,w_50,w_51,w_52,w_53,w_54,w_55,w_56,w_57,w_58,w_59,w_60,w_61,w_62,w_63,w_64,w_65,w_66,w_67,w_68,w_69,w_70,w_71,w_72,w_73,w_74,w_75,w_76,w_77,w_78,w_79,w_80,w_81,w_82,w_83,w_84,w_85,w_86,w_87,w_88,w_89,w_90,w_91,w_92,w_93,w_94,w_95,w_96,w_97,w_98,w_99,w_100,w_101,w_102,w_103,w_104,w_105,w_106,w_107,w_108,w_109,w_110,w_111,w_112,w_113,w_114,w_115,w_116,w_117,w_118,w_119,w_120,w_121,w_122,w_123,w_124,w_125,w_126,w_127,w_128,w_129,w_130,w_131,w_132,w_133,w_134,w_135,w_136,w_137,w_138,w_139,w_140,w_141,w_142,w_143,w_144,w_145,w_146,w_147,w_148,w_149,w_150,w_151,w_152,w_153,w_154,w_155,w_156,w_157,w_158,w_159,w_160,w_161,w_162,w_163,w_164,w_165,w_166,w_167,w_168,w_169,w_170,w_171,w_172,w_173,w_174,w_175,w_176,w_177,w_178,w_179,w_180,w_181,w_182,w_183,w_184,w_185,w_186,w_187,w_188,w_189,w_190,w_191,w_192,w_193,w_194,w_195,w_196,w_197,w_198,w_199,w_200,w_201,w_202,w_203,w_204,w_205,w_206,w_207,w_208,w_209,w_210,w_211,w_212,w_213,w_214,w_215,w_216,w_217,w_218,w_219,w_220,w_221,w_222,w_223,w_224,w_225,w_226,w_227,w_228,w_229,w_230,w_231,w_232,w_233,w_234,w_235,w_236,w_237,w_238,w_239,w_240,w_241,w_242,w_243,w_244,w_245,w_246,w_247,w_248,w_249,w_250,w_251,w_252,w_253,w_254,w_255,w_256,w_257,w_258,w_259,w_260,w_261,w_262,w_263,w_264,w_265,w_266,w_267,w_268,w_269,w_270,w_271,w_272,w_273
HOBBIES_1_001_CA_1_validation,HOBBIES_1_001,HOBBIES_1,HOBBIES,CA_1,CA,1,3,0,0,0,2,4,0,0,0,0,0,0,3,1,4,1,1,0,0,0,0,1,3,0,0,0,4,0,0,0,1,0,3,2,0,0,2,0,0,3,1,0,2,0,0,0,0,0,0,0,0,2,4,3,0,0,4,1,3,0,0,0,0,0,1,0,2,4,2,0,0,1,0,4,4,0,0,0,0,4,0,1,3,3,0,0,3,0,0,1,0,0,0,0,0,0,0,0,0,0,2,0,0,0,2,0,1,0,2,0,0,0,2,0,0,0,0,3,0,0,0,2,4,3,4,2,3,4,0,3,0,6,0,0,9,0,3,0,3,2,6,6,1,10,11,0,6,6,7,12,1,0,2,5,3,1,6,5,10,0,5,0,2,6,0,0,7,2,3,1,0,5,6,0,5,7,3,12,2,9,3,2,3,7,10,0,8,5,6,6,3,9,0,0,5,0,0,5,5,6,3,9,0,12,8,3,5,6,6,10,0,11,9,8,4,7,3,7,7,10,5,2,1,0,0,1,5,7,3,9,7,5,4,10,6,4,7,11,5,6,6,0,9,1,0,3,5,4,0,7,2,5,0,9,3,2,12,11,8,0,9,13,8,15,11,5,3,13,0,10,9,10
HOBBIES_1_002_CA_1_validation,HOBBIES_1_002,HOBBIES_1,HOBBIES,CA_1,CA,0,0,1,2,0,0,4,0,2,3,0,4,2,0,2,0,1,0,0,0,4,6,6,0,2,1,0,0,9,6,7,0,2,0,0,1,7,0,3,1,7,0,3,0,0,4,11,0,3,3,0,0,2,6,0,0,0,1,2,0,4,5,4,5,0,3,5,0,0,1,0,0,2,0,3,0,0,3,3,0,0,3,2,2,4,1,0,0,6,0,5,0,0,0,0,4,0,10,17,7,4,0,0,3,4,3,0,1,0,0,1,4,4,1,1,5,3,1,2,8,0,0,6,5,0,0,2,3,0,2,0,4,0,0,0,0,0,0,3,4,5,1,0,0,2,0,1,1,0,5,5,0,0,3,0,0,0,0,0,4,0,2,0,4,0,0,5,3,3,0,5,4,8,7,3,0,4,3,7,1,1,3,0,2,3,5,2,5,0,4,0,3,6,6,4,0,0,4,0,5,1,5,6,14,1,0,0,0,0,3,0,0,4,0,0,4,4,0,2,0,0,4,0,5,8,2,6,1,8,3,5,0,2,0,9,6,1,5,12,0,3,6,2,7,0,3,4,4,0,1,6,0,0,6,10,14,0,1,0,0,2,2,0,5,2,1,2,0,4,0,3,0,4
HOBBIES_1_003_CA_1_validation,HOBBIES_1_003,HOBBIES_1,HOBBIES,CA_1,CA,0,0,0,0,1,0,4,3,0,0,0,4,0,4,0,0,0,2,3,3,0,0,1,0,3,0,0,0,2,0,3,0,2,4,0,0,1,1,3,1,0,0,1,0,3,4,3,0,0,4,1,0,4,0,0,3,0,0,0,0,0,0,0,0,3,1,0,3,0,0,1,4,2,0,4,0,1,1,2,0,0,1,3,0,2,4,0,0,0,1,0,3,0,4,0,0,0,0,4,0,0,0,0,0,0,2,2,3,0,0,0,0,0,0,0,4,4,0,0,0,4,0,0,0,2,1,1,1,0,0,0,0,4,1,2,0,3,0,0,2,4,0,2,0,0,0,0,4,0,0,0,0,0,3,0,0,0,6,3,5,2,3,0,0,4,6,0,0,2,3,0,0,0,0,4,0,5,0,4,2,6,1,0,1,1,3,2,0,0,6,4,3,2,0,0,1,0,0,0,2,4,1,0,0,0,4,0,0,6,2,0,0,2,7,6,3,2,0,0,0,2,3,0,0,0,1,2,3,8,0,5,0,5,0,3,0,4,0,1,0,6,8,7,4,7,1,3,6,0,2,0,15,7,12,14,18,14,3,2,0,2,1,4,1,1,7,8,3,0,0,0,10,11
HOBBIES_1_004_CA_1_validation,HOBBIES_1_004,HOBBIES_1,HOBBIES,CA_1,CA,1,1,0,0,0,1,6,4,6,0,8,14,11,3,10,17,7,13,11,5,8,10,15,17,6,13,17,11,11,19,13,15,16,13,13,9,22,8,11,15,17,7,11,14,11,15,6,16,10,12,8,21,11,3,7,16,12,13,15,11,20,11,0,11,5,12,8,0,10,7,4,13,5,2,7,8,14,8,7,9,7,11,15,13,16,18,10,14,8,17,10,0,6,2,3,2,4,2,1,1,0,0,2,0,13,16,5,12,9,12,23,14,15,20,16,12,10,12,7,18,9,14,13,0,8,6,13,1,2,15,17,17,11,14,16,18,12,10,8,23,12,23,13,30,20,14,22,26,19,17,10,22,33,19,14,12,21,17,17,20,21,17,23,16,22,22,30,12,17,12,29,25,22,17,26,21,20,21,25,29,12,19,17,13,17,22,25,18,23,20,16,7,12,16,13,30,22,33,32,22,23,15,32,24,24,17,22,25,23,27,21,21,22,9,13,15,28,10,24,23,21,12,26,24,17,14,24,9,16,15,16,29,20,23,9,12,18,14,21,12,22,6,9,12,18,17,21,16,9,12,10,15,21,12,14,4,19,12,6,14,19,16,25,6,22,12,6,17,22,20,16,19,19
HOBBIES_1_005_CA_1_validation,HOBBIES_1_005,HOBBIES_1,HOBBIES,CA_1,CA,0,0,1,4,0,0,4,0,0,0,0,0,2,0,0,7,31,9,8,2,15,0,0,4,0,2,7,13,16,7,4,23,34,13,4,5,4,7,9,6,8,10,8,3,2,11,26,2,10,5,6,0,1,13,8,2,0,0,0,0,5,0,0,4,0,0,0,10,10,20,15,12,10,9,8,3,1,3,10,6,13,3,11,5,3,1,5,17,4,6,3,13,8,17,11,7,7,8,14,16,14,12,7,8,17,11,6,6,9,3,5,15,8,12,0,9,14,1,2,10,16,5,1,13,2,13,5,15,7,11,12,11,8,14,8,12,16,8,10,8,7,12,10,11,9,0,10,7,1,4,7,8,4,0,1,5,10,6,6,11,8,10,7,11,0,6,3,2,4,7,4,12,10,3,11,14,5,7,2,5,2,6,5,9,8,6,5,7,5,0,6,6,2,19,25,10,12,24,16,9,11,19,15,13,12,5,3,8,5,13,12,7,4,9,4,7,10,8,8,10,5,10,12,0,6,10,6,10,9,10,18,12,8,2,5,8,13,18,8,7,16,7,7,10,16,7,9,6,14,7,13,11,2,13,17,10,5,7,10,0,9,15,4,14,4,3,13,7,5,14,6,6,12
HOBBIES_1_006_CA_1_validation,HOBBIES_1_006,HOBBIES_1,HOBBIES,CA_1,CA,4,0,0,0,3,2,4,1,2,0,2,1,0,2,0,1,2,0,0,3,0,0,0,0,4,1,0,0,4,0,0,0,0,0,0,0,2,4,0,1,0,1,0,0,1,0,0,0,0,2,0,2,3,0,2,4,3,3,0,0,4,7,13,8,16,9,12,19,9,8,16,0,8,3,7,24,13,18,16,18,29,22,16,19,17,8,19,15,16,13,12,7,17,16,20,14,16,19,37,13,13,12,19,9,11,10,24,19,14,22,12,14,6,12,5,14,4,18,19,3,0,12,3,6,9,9,12,7,6,18,4,2,6,10,1,8,2,5,2,10,16,6,4,11,7,10,1,9,3,0,2,10,9,13,9,13,13,15,8,8,7,14,5,9,15,7,6,0,0,4,17,6,9,2,7,0,6,11,10,9,11,11,7,5,9,14,6,14,4,4,12,0,17,10,5,11,11,17,9,11,14,6,19,11,16,19,13,3,5,6,10,11,7,0,16,2,15,11,11,0,0,11,10,0,3,13,8,5,2,5,5,6,11,1,3,8,8,3,0,0,0,0,2,0,4,0,0,0,0,7,13,9,6,8,1,1,1,1,15,16,3,7,8,7,9,5,14,11,6,7,2,2,4
HOBBIES_1_007_CA_1_validation,HOBBIES_1_007,HOBBIES_1,HOBBIES,CA_1,CA,3,0,0,1,0,2,0,3,1,2,0,1,0,0,0,0,0,0,0,3,0,0,0,0,0,0,0,4,0,0,0,1,0,1,0,4,1,0,0,4,0,2,2,0,0,0,4,3,2,0,0,1,0,0,0,0,2,0,0,0,0,0,0,2,3,3,2,0,0,1,0,0,0,1,1,0,0,0,0,4,0,3,1,0,1,4,3,0,0,0,0,1,0,0,3,2,3,5,7,4,3,5,2,0,0,1,2,0,4,4,0,8,3,0,4,3,0,7,0,5,4,4,0,9,3,2,6,4,4,3,0,5,7,0,0,7,2,3,4,0,5,2,0,7,6,5,12,0,7,2,1,5,4,5,3,8,3,2,4,0,0,7,1,4,4,0,4,0,5,0,0,6,2,6,1,4,5,0,0,0,0,4,0,1,5,3,5,4,2,0,1,3,2,2,8,4,3,0,3,3,1,2,0,2,4,0,2,6,0,8,0,0,5,8,0,4,1,1,0,4,0,1,1,5,1,3,0,0,6,0,0,0,0,0,1,0,4,3,4,0,0,0,0,2,0,1,5,2,0,4,4,0,0,6,0,4,5,9,2,3,3,5,0,0,4,0,8,5,3,0,0,5,0
HOBBIES_1_008_CA_1_validation,HOBBIES_1_008,HOBBIES_1,HOBBIES,CA_1,CA,43,60,26,27,0,19,17,3,0,50,21,39,48,42,29,0,45,57,56,81,46,28,53,80,90,79,79,74,38,36,64,36,44,59,76,91,65,58,41,97,79,59,103,91,96,36,125,75,89,74,70,91,76,45,44,33,53,16,6,31,69,52,55,44,50,86,28,0,0,105,65,80,94,58,3,89,46,25,4,0,0,0,0,2,2,2,0,2,0,1,0,0,0,0,0,0,0,0,4,0,0,0,0,6,183,29,83,185,75,0,35,66,14,90,53,51,103,6,40,76,82,75,80,21,100,55,75,124,56,44,33,2,8,19,15,0,68,75,40,48,70,77,58,60,76,75,70,50,67,45,62,25,52,52,52,79,76,78,85,45,38,69,56,79,80,91,84,63,81,46,64,59,62,73,52,32,75,17,63,40,62,73,60,106,72,83,116,116,54,86,31,87,104,118,71,118,86,64,60,32,48,50,78,41,51,74,77,107,92,90,91,71,87,94,57,73,39,26,93,39,42,80,70,48,72,38,57,52,52,32,57,102,45,83,45,53,100,97,93,85,74,152,72,115,58,89,120,90,106,81,145,68,89,127,53,85,74,138,113,159,56,169,96,109,96,15,48,81,38,71,115,32,56
HOBBIES_1_009_CA_1_validation,HOBBIES_1_009,HOBBIES_1,HOBBIES,CA_1,CA,27,25,13,22,16,23,16,19,6,10,17,20,21,12,15,21,27,9,14,22,12,26,37,14,19,8,20,24,9,15,8,6,12,0,15,9,2,4,14,12,2,10,18,4,8,22,22,21,19,17,20,0,8,10,9,12,15,9,17,14,21,15,18,8,12,12,23,6,8,28,21,13,25,15,5,9,11,7,6,20,5,6,22,1,13,6,6,17,18,11,21,22,6,3,11,17,11,20,15,8,4,9,17,17,9,6,11,12,2,11,0,5,2,7,14,11,1,7,3,9,11,13,10,20,10,10,9,17,11,13,12,12,15,9,8,10,12,5,6,13,10,15,20,13,7,12,17,4,18,5,11,6,1,13,11,10,0,12,7,10,12,1,2,9,6,5,13,16,2,12,15,9,0,5,13,5,12,10,3,0,9,9,13,17,7,9,7,0,13,3,1,8,3,4,10,6,17,6,3,1,7,6,2,5,9,12,15,17,16,9,14,0,5,3,8,13,6,16,8,11,4,6,5,7,1,5,7,4,5,13,0,2,0,1,0,4,1,0,2,3,0,2,0,3,0,1,2,0,4,3,0,0,0,0,0,4,0,0,0,0,0,2,2,0,1,5,2,9,0,7,8,8,7
HOBBIES_1_010_CA_1_validation,HOBBIES_1_010,HOBBIES_1,HOBBIES,CA_1,CA,5,4,2,1,0,1,0,0,0,0,1,0,4,0,1,0,8,4,7,3,3,4,9,7,8,6,11,0,5,8,6,9,9,5,10,3,7,6,9,13,2,8,1,6,3,0,4,0,6,7,8,12,6,6,0,6,0,3,7,2,4,7,10,9,3,12,10,8,6,0,10,5,9,11,11,9,10,10,14,8,7,13,11,2,5,5,9,10,11,9,10,10,1,0,3,5,8,5,6,1,3,0,10,3,7,11,4,9,14,7,6,12,7,6,10,12,9,0,5,2,4,9,13,12,7,0,1,6,6,4,9,10,6,9,9,0,0,2,8,1,0,1,3,5,8,4,2,0,13,8,0,2,4,10,6,11,2,8,5,12,13,6,4,9,10,11,6,8,7,12,6,9,11,3,0,5,12,4,13,13,5,12,1,3,5,14,3,3,0,5,9,11,12,0,3,10,8,6,2,2,0,0,0,6,2,5,1,5,0,9,7,9,9,12,7,7,0,2,2,6,2,6,1,4,8,9,7,9,2,2,0,0,8,1,0,0,6,5,6,7,7,10,2,1,4,7,2,1,5,7,6,7,6,8,4,2,8,4,0,0,13,5,3,9,4,1,0,3,6,0,11,0,1
HOBBIES_1_011_CA_1_validation,HOBBIES_1_011,HOBBIES_1,HOBBIES,CA_1,CA,0,2,1,1,0,4,0,0,3,0,1,0,4,3,0,0,3,2,3,0,1,0,0,0,0,2,0,0,3,0,3,4,0,0,2,0,0,0,0,3,3,0,4,0,0,0,0,0,1,0,0,0,4,0,3,0,0,2,2,0,1,2,0,0,0,1,0,0,4,1,0,0,4,3,0,1,4,0,6,0,0,2,0,3,7,5,2,0,0,1,1,4,5,0,0,1,0,2,1,1,0,4,6,0,1,0,3,3,0,0,0,3,3,0,2,0,5,0,0,1,5,1,3,3,0,3,1,3,2,0,1,0,4,2,3,0,0,4,0,0,0,4,0,0,3,0,3,0,0,0,1,0,0,0,1,0,4,0,0,1,3,2,1,3,0,0,0,0,5,0,0,0,3,2,3,5,0,5,0,3,0,4,4,1,0,1,0,3,3,0,4,1,0,0,4,0,0,0,0,0,1,3,4,4,0,0,1,0,0,2,4,0,4,1,0,0,1,0,0,0,0,0,0,0,1,1,0,0,5,0,2,1,0,6,0,0,6,3,0,0,3,4,4,0,3,0,0,0,2,4,1,2,2,0,2,4,0,6,0,3,4,1,3,0,0,0,0,0,7,4,2,0,5
HOBBIES_1_012_CA_1_validation,HOBBIES_1_012,HOBBIES_1,HOBBIES,CA_1,CA,2,0,14,4,1,5,8,0,5,9,5,0,3,6,2,3,0,3,0,1,0,0,10,3,3,9,2,8,5,0,5,2,2,4,4,2,0,7,1,8,4,6,4,4,5,6,0,1,4,8,2,5,4,5,5,8,7,3,6,9,3,0,2,7,5,6,4,3,7,7,8,5,1,0,0,2,1,0,0,2,0,0,3,8,8,7,7,9,6,5,4,0,1,9,0,2,4,0,10,10,0,6,8,0,2,2,2,9,7,5,2,7,0,2,0,6,4,1,0,0,11,5,4,4,6,0,5,9,7,1,6,3,7,4,0,6,4,4,1,0,9,2,6,0,5,0,5,6,2,0,4,0,6,3,0,5,3,3,0,0,7,1,7,5,6,4,0,0,0,6,1,8,1,6,0,0,2,3,5,7,0,1,0,6,1,4,8,0,0,0,0,2,5,0,0,0,5,5,3,1,1,8,4,3,0,0,2,0,0,1,5,3,2,6,0,7,0,0,0,1,0,0,6,0,2,0,5,2,0,2,0,0,6,0,7,4,1,2,0,0,0,2,4,0,0,0,2,0,0,0,5,0,0,0,4,5,0,3,0,0,0,0,1,3,0,0,1,0,6,5,0,0,0
HOBBIES_1_013_CA_1_validation,HOBBIES_1_013,HOBBIES_1,HOBBIES,CA_1,CA,0,4,0,2,0,1,2,0,4,1,0,0,0,0,0,2,1,0,0,0,0,2,4,2,0,0,4,3,0,3,4,0,0,0,1,0,0,0,0,0,3,2,0,0,0,4,0,0,0,0,0,0,0,1,0,0,1,3,0,0,0,0,3,0,0,0,3,1,2,2,0,2,3,3,3,0,3,1,0,2,6,5,4,2,7,2,5,9,6,5,0,6,4,0,5,1,8,0,2,0,0,3,7,8,0,0,6,3,0,0,1,4,0,5,1,5,5,5,6,5,7,1,2,2,4,1,6,2,5,0,1,2,5,1,0,0,4,0,5,6,5,4,5,8,6,6,8,3,5,0,5,4,0,2,1,3,1,0,0,7,0,0,3,0,1,5,0,4,2,4,5,0,6,4,5,0,1,0,2,7,0,1,2,3,4,2,2,9,0,7,3,2,5,0,10,2,7,3,5,0,0,6,4,6,0,4,4,2,0,4,0,2,0,5,5,2,3,5,0,0,3,0,0,6,0,2,0,5,9,3,4,2,6,0,1,0,1,1,8,5,5,1,6,2,3,5,0,4,2,0,0,4,1,0,1,5,4,0,3,1,0,0,4,4,8,7,0,0,1,3,5,0,3
HOBBIES_1_014_CA_1_validation,HOBBIES_1_014,HOBBIES_1,HOBBIES,CA_1,CA,0,3,4,0,0,4,0,3,0,1,0,1,2,0,4,2,0,0,3,1,2,0,0,0,0,0,0,0,0,0,3,0,2,4,3,0,0,5,5,6,8,7,7,5,1,12,9,16,8,10,17,13,8,10,16,13,9,10,7,7,7,13,9,12,5,11,11,11,15,14,5,8,8,5,13,11,15,14,17,13,19,18,9,11,12,11,3,8,17,12,14,16,16,11,11,10,11,10,10,21,12,16,4,14,10,8,2,12,16,4,5,10,3,9,12,4,4,0,2,11,7,15,13,11,7,3,4,7,2,7,6,11,1,6,9,11,9,3,9,13,1,13,9,13,9,13,8,8,11,10,9,12,5,2,4,10,10,3,11,9,10,14,17,10,14,12,19,6,1,12,10,18,7,8,12,7,13,9,11,26,17,17,23,7,22,23,15,18,16,8,19,6,17,13,7,16,5,9,7,6,4,12,8,1,19,4,7,8,11,15,12,12,12,12,10,5,12,9,9,9,19,21,8,11,12,12,16,5,5,19,11,12,19,15,15,8,22,11,19,9,19,14,13,22,21,12,10,19,12,15,11,12,28,16,4,13,31,17,23,9,12,16,10,20,15,11,19,19,7,6,18,14,15
HOBBIES_1_015_CA_1_validation,HOBBIES_1_015,HOBBIES_1,HOBBIES,CA_1,CA,13,35,24,74,69,23,48,32,46,40,44,17,34,73,28,30,48,57,48,56,94,82,68,40,59,102,55,74,52,49,2,46,89,58,111,66,78,45,79,52,78,57,52,80,88,91,80,49,59,47,54,65,66,71,52,75,39,50,58,35,144,80,38,43,19,22,30,57,15,74,48,57,52,40,61,22,37,41,69,30,33,46,52,21,34,44,26,30,12,47,30,47,29,36,47,40,45,44,36,18,31,41,20,49,52,77,94,49,39,65,60,42,68,83,66,43,47,52,57,53,38,49,41,66,85,46,65,36,63,90,64,44,44,27,44,66,52,23,49,78,39,53,68,76,43,84,87,35,91,94,104,137,98,100,34,61,86,54,61,63,64,80,100,46,91,82,71,45,117,71,123,93,107,87,65,105,101,102,82,52,79,61,55,72,76,69,54,92,66,70,43,23,19,16,33,48,45,20,25,31,44,38,44,42,20,20,27,34,35,18,43,37,17,26,40,42,44,37,26,34,27,22,47,52,39,67,46,42,39,69,36,83,43,73,56,36,64,59,52,46,66,48,45,54,51,42,40,25,43,28,14,0,0,3,4,0,10,0,4,52,36,41,9,8,22,17,47,22,26,19,19,25,11
HOBBIES_1_016_CA_1_validation,HOBBIES_1_016,HOBBIES_1,HOBBIES,CA_1,CA,63,16,16,91,83,57,51,71,9,43,73,74,37,92,109,43,82,29,103,113,42,46,97,40,39,66,105,30,29,42,12,25,41,88,86,69,90,38,52,96,50,60,48,56,21,44,36,45,19,2,0,13,36,52,44,29,31,27,47,33,38,57,52,31,15,25,22,31,41,67,35,60,46,38,39,85,54,77,34,20,21,69,47,38,12,20,52,59,73,20,23,22,25,34,20,26,42,18,37,23,33,41,9,27,25,30,42,30,20,24,53,31,34,27,43,23,41,71,24,38,34,60,35,26,42,16,41,37,40,31,37,27,30,60,31,19,41,34,19,36,64,36,23,23,49,28,39,24,77,28,37,32,33,45,34,61,15,36,23,72,58,45,60,51,51,41,37,33,50,38,25,28,51,45,61,43,52,46,67,37,53,29,103,34,52,42,42,49,60,54,40,31,63,77,45,63,60,33,47,40,37,31,45,62,52,46,44,19,37,52,52,57,53,87,43,31,32,44,35,22,33,35,39,46,83,61,59,84,32,67,83,54,51,42,20,62,64,38,27,38,24,49,28,54,40,82,55,79,76,44,42,37,75,72,64,67,65,39,44,56,34,36,25,38,40,50,23,46,60,66,32,31,49
HOBBIES_1_017_CA_1_validation,HOBBIES_1_017,HOBBIES_1,HOBBIES,CA_1,CA,0,0,1,0,2,0,0,0,0,0,0,3,0,1,3,0,0,4,0,0,0,0,4,0,3,0,0,4,2,0,2,15,11,11,0,13,21,9,2,0,8,4,9,9,11,18,14,15,3,10,12,3,7,13,20,9,1,15,10,9,17,15,7,10,19,9,13,9,14,10,20,12,15,8,8,8,14,5,11,6,11,8,15,3,22,15,13,25,19,0,8,15,3,7,4,12,6,8,19,6,18,15,6,6,9,14,14,0,3,19,20,21,7,1,16,10,14,11,20,6,9,20,0,8,0,9,4,6,12,10,11,2,10,14,17,7,12,8,13,16,8,9,19,8,17,13,14,1,11,5,5,16,8,3,1,9,5,6,3,14,9,7,13,14,12,6,10,15,19,13,16,6,14,0,13,6,13,7,6,14,15,7,10,14,9,13,2,9,18,17,12,1,0,8,9,5,4,10,10,11,0,15,13,12,10,12,10,11,12,6,5,7,4,8,9,5,7,10,9,7,22,6,8,14,6,11,21,14,1,6,7,10,3,5,6,11,11,0,7,16,11,13,12,6,9,9,0,7,6,3,3,9,0,3,5,6,5,9,4,1,3,4,12,16,12,16,12,9,1,8,7,21,3
HOBBIES_1_018_CA_1_validation,HOBBIES_1_018,HOBBIES_1,HOBBIES,CA_1,CA,0,3,0,0,2,4,0,1,3,0,0,0,0,3,3,0,2,0,0,2,0,2,1,1,0,0,0,0,3,0,0,0,0,0,2,0,4,0,0,3,0,2,0,0,0,3,0,2,0,0,0,0,2,0,1,0,0,2,5,2,0,0,0,0,1,1,2,0,1,0,0,0,5,4,3,0,4,1,0,0,0,6,1,0,2,4,2,1,4,0,0,2,4,0,0,4,0,0,0,0,4,3,0,3,0,3,0,0,0,0,1,0,0,0,0,2,0,0,3,3,0,0,0,0,2,0,0,0,0,3,0,0,4,0,4,0,0,0,0,0,3,4,0,0,0,0,2,0,0,4,4,1,0,4,2,0,3,3,0,3,0,1,0,0,3,4,3,0,3,0,0,2,4,0,4,4,2,0,2,0,0,0,1,0,0,0,0,1,2,3,4,0,0,2,2,4,0,0,3,0,4,0,1,0,0,0,0,0,0,0,0,0,0,0,0,5,0,0,0,4,4,4,6,0,1,6,4,5,4,0,0,0,3,0,4,0,4,0,0,0,3,0,4,0,3,2,0,1,0,0,0,2,3,0,0,0,0,0,0,0,6,0,3,2,0,0,0,0,0,0,0,4,1
HOBBIES_1_019_CA_1_validation,HOBBIES_1_019,HOBBIES_1,HOBBIES,CA_1,CA,3,2,1,4,3,0,0,0,3,0,1,0,0,0,0,3,4,0,0,0,0,0,0,0,0,4,0,3,1,0,0,4,0,0,0,0,0,0,4,0,0,0,2,4,3,1,2,1,3,4,3,0,0,0,2,0,0,1,0,0,1,0,0,0,0,2,3,0,0,0,0,4,0,0,0,27,14,55,0,4,4,0,0,3,0,0,4,0,2,0,3,0,0,1,4,0,0,3,0,0,0,1,0,20,60,27,72,55,58,0,45,24,5,91,34,53,69,25,34,74,60,104,79,67,56,51,45,47,89,72,77,80,98,97,99,13,64,59,61,75,79,71,59,85,96,94,120,82,97,76,82,78,82,108,69,65,67,70,39,49,51,57,57,36,34,44,48,14,30,46,50,26,39,50,51,30,55,52,84,63,80,48,36,82,59,47,63,29,52,101,91,98,101,70,42,90,91,80,113,66,144,104,60,24,34,47,41,42,43,46,32,37,85,87,103,109,49,46,52,109,98,70,84,43,39,52,42,30,130,55,106,71,68,56,79,89,48,97,42,45,55,33,41,46,45,35,34,40,46,26,5,13,19,46,76,33,75,129,47,98,80,14,32,57,1,0,41,78,62,49,85,89,88
HOBBIES_1_020_CA_1_validation,HOBBIES_1_020,HOBBIES_1,HOBBIES,CA_1,CA,0,2,3,6,5,5,0,3,2,7,7,3,2,12,1,5,2,3,2,6,2,7,7,4,8,0,1,0,4,0,5,7,1,6,4,1,8,4,5,4,1,5,4,1,12,5,4,2,1,0,5,0,0,0,2,0,3,7,3,4,0,0,2,0,5,10,2,7,4,3,1,3,2,2,0,0,6,0,5,0,3,2,6,4,6,5,1,5,5,7,4,2,7,2,5,1,0,0,0,4,0,4,0,3,0,5,9,0,6,0,0,1,1,2,0,2,0,0,4,0,7,0,1,2,0,0,0,0,2,0,0,0,0,0,7,7,0,5,6,0,0,5,1,7,0,1,0,6,0,0,6,1,0,3,5,3,0,5,0,0,0,4,0,0,7,0,6,4,3,4,1,0,7,1,0,0,0,0,0,5,7,0,0,0,1,1,0,2,7,3,0,0,0,0,1,0,6,4,4,0,6,1,5,4,3,0,3,2,1,6,3,0,6,0,5,6,0,1,4,2,0,3,0,3,1,4,0,7,3,1,2,3,2,1,0,2,4,0,0,8,0,1,2,0,3,1,0,4,4,0,2,2,0,2,5,2,4,4,2,2,0,0,0,0,4,0,1,0,2,0,5,0,2
HOBBIES_1_021_CA_1_validation,HOBBIES_1_021,HOBBIES_1,HOBBIES,CA_1,CA,4,3,1,0,0,0,1,0,16,20,10,15,9,12,21,15,17,11,9,15,15,15,9,26,21,31,28,4,9,1,1,2,3,0,4,5,0,4,1,0,0,0,0,3,1,0,0,3,4,0,3,0,0,4,3,1,2,2,1,0,0,3,0,0,0,2,5,0,0,0,6,7,5,0,0,0,0,0,6,1,4,6,0,4,0,2,1,0,0,0,0,0,1,0,0,4,2,0,4,1,1,0,4,0,0,4,3,6,3,9,7,0,12,10,7,8,5,0,3,5,1,2,5,18,10,10,16,3,7,13,2,15,2,10,14,4,5,11,3,8,6,8,8,8,7,13,6,2,8,5,5,10,7,2,9,9,4,5,3,0,3,1,2,0,0,0,7,0,7,5,7,0,6,2,8,2,7,0,4,0,2,1,9,9,6,9,2,1,7,0,7,7,9,3,5,5,2,8,0,1,7,8,11,0,6,8,1,2,11,9,10,11,4,8,4,10,4,3,10,12,4,1,7,10,6,10,5,3,7,3,9,12,4,1,2,1,9,10,9,5,2,11,3,7,7,9,8,10,3,0,5,12,9,3,9,13,9,3,11,7,3,11,1,11,11,5,2,1,14,0,1,11,9
HOBBIES_1_022_CA_1_validation,HOBBIES_1_022,HOBBIES_1,HOBBIES,CA_1,CA,4,4,7,0,14,10,5,5,8,3,7,6,9,5,0,3,0,7,7,4,3,5,3,9,0,0,0,9,2,0,3,11,6,3,4,3,5,5,0,2,7,4,0,2,8,4,4,2,2,0,5,5,0,1,4,1,2,8,0,0,5,0,1,5,0,0,0,2,0,2,0,5,3,0,1,3,1,0,7,3,0,6,7,1,5,1,0,2,2,3,0,4,3,7,3,3,5,6,4,3,0,2,0,4,4,5,6,0,4,2,0,3,2,0,2,7,6,2,2,6,5,0,2,6,0,7,5,3,1,3,6,2,8,0,1,0,3,0,0,3,8,3,5,0,2,8,4,1,2,4,6,5,5,0,3,4,5,3,10,2,0,6,0,4,6,6,6,3,0,0,5,1,0,3,3,0,3,4,0,0,0,0,3,0,1,0,0,0,0,3,2,1,0,1,2,0,0,1,5,4,3,3,0,3,2,0,0,0,5,4,0,5,6,0,3,4,2,0,8,0,5,6,4,0,3,0,3,0,2,6,7,7,5,2,0,5,0,5,0,3,0,0,2,2,0,0,0,0,0,6,5,2,0,0,6,0,2,0,2,5,0,0,3,6,8,5,5,3,7,8,2,4,7
HOBBIES_1_023_CA_1_validation,HOBBIES_1_023,HOBBIES_1,HOBBIES,CA_1,CA,18,14,11,0,10,18,8,8,12,18,19,15,25,19,22,11,7,17,15,3,11,15,18,14,19,30,21,16,21,24,13,25,17,15,23,6,8,14,15,20,7,0,9,6,2,0,6,12,0,2,9,3,5,1,13,6,7,2,8,2,2,6,3,7,8,10,1,13,8,12,10,16,24,13,15,25,19,17,16,18,19,23,21,30,29,21,14,22,20,11,12,15,15,6,16,6,9,16,8,6,13,6,3,7,10,6,8,2,5,9,11,13,12,18,7,12,8,7,12,6,9,6,15,14,16,14,19,15,20,7,6,9,15,19,20,15,8,6,21,11,13,11,8,13,10,5,8,1,4,3,3,6,1,11,8,6,8,3,4,3,1,7,10,12,5,0,0,3,0,1,1,0,4,0,1,0,4,3,3,0,1,3,0,0,2,4,0,3,4,1,4,0,0,2,0,0,0,2,0,0,0,0,0,1,0,0,0,1,1,4,4,0,10,7,17,8,17,8,11,13,7,3,3,12,9,9,7,16,10,8,21,18,17,22,11,18,11,19,18,12,10,17,6,10,6,12,14,5,5,0,8,1,8,7,5,0,2,11,0,2,0,6,2,10,0,7,5,7,6,18,13,12,15
HOBBIES_1_024_CA_1_validation,HOBBIES_1_024,HOBBIES_1,HOBBIES,CA_1,CA,2,0,4,0,0,2,0,0,0,0,0,0,1,0,0,0,0,4,0,1,3,0,4,0,0,0,0,3,0,0,0,0,0,0,0,1,0,3,0,0,0,0,0,3,1,3,1,0,0,0,0,0,0,0,0,0,0,1,2,0,3,0,0,0,1,0,0,0,1,4,0,1,0,1,3,0,4,0,0,0,0,3,2,0,0,3,10,0,6,0,1,8,2,1,2,1,4,2,0,0,0,3,7,4,0,0,8,2,0,3,4,7,0,5,8,7,0,4,6,3,2,0,2,0,0,0,0,3,2,1,1,0,0,6,0,6,0,4,0,0,3,0,0,7,4,1,0,5,2,0,3,0,6,4,2,11,0,5,6,0,1,7,0,8,5,6,1,0,9,2,6,0,2,0,0,0,1,0,7,1,8,1,7,5,6,2,6,7,7,6,6,2,6,6,8,7,4,9,5,0,2,0,0,4,1,3,5,3,8,0,2,6,0,2,0,2,1,4,0,1,1,6,0,0,3,5,0,1,6,0,0,1,3,2,3,2,0,0,1,0,0,1,5,0,5,0,0,7,3,3,0,5,5,7,4,0,2,0,0,5,0,8,6,0,1,0,3,4,3,1,0,0,0
HOBBIES_1_025_CA_1_validation,HOBBIES_1_025,HOBBIES_1,HOBBIES,CA_1,CA,1,2,0,0,2,0,0,0,0,0,0,3,0,0,3,4,4,1,1,4,0,0,1,0,1,0,0,2,0,2,2,1,8,9,7,11,9,0,4,10,12,0,6,3,6,5,5,2,5,4,0,0,8,5,0,3,1,0,3,0,0,0,2,2,0,0,3,5,2,5,1,0,6,5,11,0,7,1,9,7,1,9,0,0,3,1,0,9,0,0,4,0,2,0,0,4,2,0,2,2,0,0,4,0,0,7,4,0,0,6,1,5,5,1,6,0,0,0,11,14,0,4,13,7,8,8,3,4,11,0,0,0,9,3,8,3,0,5,13,10,3,3,10,3,3,4,0,8,0,0,12,1,3,0,0,5,6,4,0,5,0,2,6,4,3,8,11,6,10,0,12,5,3,6,2,0,0,7,3,4,10,10,6,6,4,7,5,0,0,9,7,3,8,8,7,9,0,0,1,8,0,8,3,5,10,5,0,1,4,3,11,1,2,0,0,0,5,7,0,4,4,9,9,18,7,10,7,1,7,0,0,11,1,3,11,1,5,3,3,5,12,4,11,3,4,5,6,0,1,5,0,3,7,0,0,9,4,4,5,1,0,9,2,7,3,6,8,0,2,0,11,0,7
HOBBIES_1_026_CA_1_validation,HOBBIES_1_026,HOBBIES_1,HOBBIES,CA_1,CA,4,0,4,3,0,0,1,2,0,1,0,2,0,0,4,2,0,0,0,1,0,3,3,2,2,0,0,4,0,2,0,0,0,3,0,0,1,2,4,0,3,0,0,1,2,0,1,0,0,1,4,0,0,0,0,3,0,0,0,0,2,1,4,4,0,3,4,0,0,0,4,0,0,0,0,0,0,4,0,0,0,0,0,0,0,0,3,1,4,0,0,0,0,4,0,3,0,0,0,0,1,0,0,0,0,0,1,2,2,3,4,0,0,1,4,0,1,0,0,0,2,0,0,0,0,3,2,0,3,0,2,0,0,2,0,0,0,1,4,1,0,0,4,0,1,0,4,0,3,0,0,0,2,0,0,1,0,2,3,0,3,0,0,0,0,4,1,0,4,3,4,0,0,4,0,3,0,0,0,3,0,2,1,0,0,0,0,0,0,0,0,1,0,1,1,0,0,0,0,0,0,2,3,3,0,0,0,2,1,2,0,3,3,3,0,2,0,0,0,0,1,4,0,2,2,4,0,0,3,0,0,0,3,4,0,0,2,3,0,2,0,4,0,4,0,3,0,0,0,1,0,3,0,4,3,0,0,4,4,0,3,0,0,0,0,0,0,2,0,4,4,2,4
HOBBIES_1_027_CA_1_validation,HOBBIES_1_027,HOBBIES_1,HOBBIES,CA_1,CA,2,0,3,4,0,0,2,3,0,0,0,0,2,0,0,0,1,0,3,0,0,0,3,0,0,0,2,3,3,0,0,0,0,1,0,0,0,0,0,3,0,3,0,4,0,3,1,1,2,0,0,0,0,4,0,0,0,4,0,0,0,0,0,0,0,0,4,0,1,2,0,2,0,0,0,0,0,0,0,1,3,1,3,0,0,1,0,4,0,0,0,2,0,4,2,0,1,4,1,0,0,0,4,0,4,4,2,0,0,2,0,3,0,2,1,0,1,1,0,0,0,4,0,1,2,0,1,0,0,0,0,0,2,0,0,0,1,0,4,0,0,0,0,0,3,4,0,4,0,0,4,0,4,0,3,4,3,2,3,4,0,4,0,14,0,1,3,4,3,4,10,7,7,7,11,6,5,0,0,1,10,0,7,7,5,0,7,5,5,2,2,2,6,2,9,4,6,0,5,1,0,3,6,0,6,0,0,3,9,3,1,0,2,0,3,3,4,8,0,5,1,3,2,0,6,0,0,0,0,4,1,9,6,6,0,0,0,6,6,7,4,0,7,1,3,1,4,9,17,3,2,6,5,9,9,1,4,7,3,6,9,7,3,3,4,3,2,0,9,4,8,1,0
HOBBIES_1_028_CA_1_validation,HOBBIES_1_028,HOBBIES_1,HOBBIES,CA_1,CA,0,0,4,0,10,10,9,7,12,14,10,7,11,10,14,14,6,12,15,9,9,8,8,13,18,12,10,10,15,18,19,4,10,11,2,5,14,14,6,9,6,12,6,8,7,5,19,11,5,11,3,11,17,11,15,2,1,6,4,3,6,6,10,1,3,7,12,3,7,5,4,1,1,10,8,1,2,9,8,4,12,4,0,2,4,10,1,5,9,9,9,1,4,1,6,5,7,2,6,14,2,12,10,10,9,10,5,4,2,8,8,4,6,11,3,11,8,4,12,5,10,0,9,12,4,5,4,9,12,0,5,2,9,4,0,9,9,0,8,6,11,12,8,1,2,5,5,8,11,5,7,7,8,6,6,0,4,9,2,2,6,4,11,5,4,3,2,5,9,3,7,7,7,10,10,1,0,0,6,3,3,1,3,0,0,0,0,0,0,0,2,0,0,3,0,0,0,1,0,1,1,2,2,3,0,1,0,0,2,4,0,0,0,0,2,0,1,0,0,3,3,1,0,0,0,0,0,1,2,2,2,3,9,0,5,0,2,5,8,13,9,8,7,4,4,5,4,3,9,8,14,15,10,10,0,11,7,2,4,8,1,5,1,1,2,4,1,8,0,8,7,4,6
HOBBIES_1_029_CA_1_validation,HOBBIES_1_029,HOBBIES_1,HOBBIES,CA_1,CA,4,7,16,10,16,12,13,9,13,5,3,12,4,5,3,5,8,12,13,9,16,9,21,14,9,12,23,16,21,25,29,12,15,24,18,19,16,18,19,17,12,14,11,10,8,5,8,0,5,2,1,9,10,10,9,13,7,16,15,10,14,14,7,7,1,14,12,7,6,0,5,5,14,5,2,3,7,5,15,14,5,12,9,15,8,11,16,13,20,11,15,11,10,11,16,12,16,6,1,8,20,17,16,17,18,10,7,6,12,21,19,6,13,15,7,14,13,10,2,11,10,9,5,5,15,2,11,19,19,14,15,18,11,10,11,12,8,15,10,13,4,3,17,20,15,9,5,16,18,22,14,16,14,14,16,4,7,6,0,1,0,0,0,0,2,6,6,11,6,12,13,14,13,17,11,16,15,5,17,12,2,0,9,9,15,14,2,8,7,13,14,9,15,13,5,11,8,15,10,7,6,5,9,15,15,7,10,13,6,18,13,9,10,15,17,19,13,17,14,25,19,14,20,18,11,24,22,12,23,16,12,17,14,11,14,15,19,27,19,15,9,13,11,10,20,12,18,14,19,29,14,4,21,14,22,15,20,29,22,17,14,20,14,9,10,13,18,14,15,15,10,13,17
HOBBIES_1_030_CA_1_validation,HOBBIES_1_030,HOBBIES_1,HOBBIES,CA_1,CA,0,2,0,0,0,0,0,0,3,0,0,2,0,0,2,3,0,0,0,0,3,4,0,0,3,4,2,0,0,0,0,3,3,1,3,0,2,3,0,3,0,3,0,4,0,0,3,0,0,0,2,0,2,1,0,3,2,3,0,0,0,3,0,0,0,4,0,0,2,0,3,1,0,1,0,0,0,18,22,6,8,14,18,12,5,16,3,13,10,9,16,19,13,15,20,11,19,19,18,9,17,2,8,10,3,6,24,16,5,19,17,24,24,43,23,25,17,45,23,23,20,28,50,13,15,16,23,20,15,6,16,10,22,21,25,20,16,12,15,23,14,34,55,56,52,46,40,32,31,41,50,48,22,47,32,57,25,48,24,45,61,72,53,55,70,40,54,72,53,52,84,75,52,64,41,72,38,39,53,57,41,22,25,47,30,34,42,51,37,42,22,47,45,33,37,60,38,20,25,43,37,22,24,37,18,26,32,36,16,18,21,16,23,14,35,24,20,30,24,63,21,29,17,31,28,20,12,47,36,39,28,44,28,68,53,48,59,28,42,32,12,37,26,46,39,46,39,21,88,109,37,47,49,56,72,100,48,102,68,62,53,49,47,73,73,61,52,20,34,81,17,49,57
HOBBIES_1_031_CA_1_validation,HOBBIES_1_031,HOBBIES_1,HOBBIES,CA_1,CA,2,1,7,0,2,1,2,5,5,2,2,2,2,0,0,3,2,0,5,3,0,2,4,2,9,12,3,4,0,8,1,3,4,7,1,0,3,5,1,7,6,0,0,0,2,2,8,0,1,5,0,1,1,1,1,9,0,0,7,2,0,9,0,4,0,5,4,1,0,0,0,3,3,7,9,6,5,5,0,4,7,2,1,8,3,1,1,5,3,6,8,0,3,0,3,0,2,0,4,0,0,4,2,4,8,7,0,0,5,9,0,3,10,5,0,0,9,5,0,0,6,0,6,8,0,7,8,5,5,8,7,5,0,7,8,5,10,3,2,1,3,7,7,0,4,8,0,2,0,5,3,5,0,3,0,0,3,7,2,0,3,4,0,0,6,1,0,0,0,4,2,3,5,5,3,6,6,2,0,5,2,0,8,8,4,0,6,5,8,4,0,6,3,0,4,1,0,0,0,3,0,0,0,0,3,3,0,3,1,4,2,5,1,8,0,3,0,2,0,3,6,2,4,5,0,3,3,2,1,0,3,0,2,0,0,6,3,2,2,0,5,1,1,3,0,0,4,0,3,5,7,1,6,3,1,5,0,3,1,4,5,3,0,7,1,3,4,1,2,7,2,0,1
HOBBIES_1_032_CA_1_validation,HOBBIES_1_032,HOBBIES_1,HOBBIES,CA_1,CA,83,88,94,117,24,110,77,106,53,94,29,79,74,103,96,113,61,2,134,126,66,50,90,105,100,63,74,93,52,49,74,92,52,46,97,64,105,64,43,122,81,47,42,71,62,61,55,55,65,100,94,85,74,101,104,64,46,24,55,45,31,54,54,74,65,53,64,87,30,47,47,94,55,99,121,98,86,68,170,59,111,31,99,68,89,22,64,57,98,77,63,64,50,32,4,0,0,0,1,2,0,46,56,63,31,69,66,47,38,49,61,53,63,73,48,50,119,49,0,9,41,35,32,84,32,39,0,1,0,0,0,0,1,3,0,2,2,29,36,39,60,76,21,25,40,31,31,22,54,52,29,37,44,29,47,34,34,41,23,61,46,18,23,55,19,23,33,10,51,47,41,16,28,46,41,37,28,40,22,15,21,28,30,51,19,2,0,4,0,0,0,0,1,0,4,2,3,0,4,0,2,0,3,4,2,0,2,31,53,27,49,53,47,50,38,35,52,39,35,16,16,12,52,45,26,30,53,37,26,22,60,51,45,43,36,39,54,31,25,44,33,38,57,57,43,19,23,32,37,33,22,26,65,43,51,49,65,55,28,51,30,42,10,54,35,26,48,26,41,25,14,24,24
HOBBIES_1_033_CA_1_validation,HOBBIES_1_033,HOBBIES_1,HOBBIES,CA_1,CA,0,0,0,0,3,0,2,0,1,1,4,0,0,0,0,3,2,0,4,1,0,0,0,0,0,0,2,4,3,0,0,4,3,0,0,0,0,0,1,0,0,2,0,3,0,0,1,0,4,3,0,0,0,4,0,2,3,1,3,0,0,4,0,0,0,0,2,0,4,1,0,0,2,0,0,4,4,0,3,0,0,2,0,0,0,0,0,3,0,3,1,1,0,2,1,2,4,0,0,3,4,1,1,0,1,0,3,3,0,0,0,1,0,3,2,0,2,0,0,2,0,4,0,0,0,1,0,0,0,0,2,0,1,3,0,1,1,1,0,0,1,5,0,0,6,0,2,0,0,0,0,3,4,0,0,0,4,8,8,4,6,0,3,3,8,0,6,4,5,5,0,0,0,0,5,0,2,3,4,6,8,0,5,0,3,9,11,13,0,1,2,4,5,7,2,0,0,4,6,4,5,6,3,5,0,0,2,3,5,5,3,2,0,0,0,2,0,0,1,7,4,0,1,0,8,0,7,1,1,0,0,6,0,5,7,0,2,1,0,4,4,4,6,2,4,3,9,5,5,0,0,4,2,3,2,5,2,5,0,0,3,0,0,1,0,0,5,0,6,2,0,0,1
HOBBIES_1_034_CA_1_validation,HOBBIES_1_034,HOBBIES_1,HOBBIES,CA_1,CA,1,0,1,0,0,7,0,2,2,2,4,1,0,6,3,6,0,2,7,0,4,6,1,10,3,15,14,7,5,13,2,5,0,7,13,7,7,9,5,1,6,8,4,7,4,6,3,0,6,0,1,0,6,6,9,10,0,0,7,0,0,0,4,3,5,2,0,3,4,8,2,5,0,0,9,3,0,1,6,7,8,4,2,0,6,6,7,0,3,1,3,0,0,5,7,6,1,5,0,0,4,4,0,5,4,0,0,0,3,4,4,4,6,0,6,4,4,0,8,4,5,0,1,4,3,10,2,2,7,3,1,0,12,3,5,8,0,0,3,0,2,1,0,7,6,5,1,5,9,0,0,3,0,0,1,0,0,4,0,4,0,3,3,0,2,0,2,4,1,5,2,0,0,7,5,3,0,3,4,2,6,8,0,6,9,2,6,7,5,8,5,8,5,1,6,1,8,9,2,0,5,0,0,4,3,0,6,4,8,14,10,7,8,5,0,2,7,9,4,0,0,8,6,10,0,2,7,5,10,13,0,10,11,7,8,11,8,13,13,12,9,3,9,1,13,8,0,8,3,1,7,8,7,3,1,4,9,9,0,2,2,2,10,9,7,16,7,0,8,2,8,5,0
HOBBIES_1_035_CA_1_validation,HOBBIES_1_035,HOBBIES_1,HOBBIES,CA_1,CA,0,0,3,3,4,0,3,0,0,0,2,2,4,3,3,0,1,0,0,4,0,5,5,0,1,0,4,5,4,0,1,0,6,0,10,4,1,3,3,1,4,2,6,5,6,6,4,0,4,0,2,0,4,0,4,4,6,1,3,1,2,5,1,0,0,0,0,6,0,0,4,6,8,0,3,1,0,5,4,0,5,2,0,0,0,4,2,0,1,4,0,0,0,3,0,0,3,0,2,4,4,1,4,4,2,3,5,0,0,4,5,0,4,1,7,7,0,1,0,0,0,0,2,2,4,3,3,4,0,4,5,0,0,4,0,0,2,0,4,4,0,0,4,0,4,0,4,0,0,4,0,4,0,0,0,3,3,0,1,4,3,1,1,0,2,0,0,5,0,0,0,1,5,4,3,0,3,4,0,3,1,2,0,0,2,0,4,2,0,0,2,0,0,0,2,0,0,3,0,0,3,6,4,1,0,3,0,2,5,0,1,10,1,0,0,3,0,0,2,1,4,6,0,7,1,0,2,0,5,0,0,0,0,0,0,4,3,0,0,0,3,4,3,0,1,5,6,0,0,4,0,0,0,0,0,0,0,5,5,0,0,0,0,3,0,0,0,0,2,3,6,0,4
HOBBIES_1_036_CA_1_validation,HOBBIES_1_036,HOBBIES_1,HOBBIES,CA_1,CA,2,14,15,4,12,2,6,6,10,8,4,9,12,8,14,0,8,2,8,10,16,5,7,5,1,6,4,4,12,14,0,4,11,7,8,3,3,5,9,13,0,3,8,3,4,1,1,7,7,5,13,5,0,5,4,9,4,8,5,0,4,5,9,5,4,6,4,4,7,1,5,3,9,8,4,2,2,1,6,7,2,3,0,2,9,15,9,7,1,0,0,0,13,0,1,1,8,5,1,0,4,6,0,5,1,1,8,5,4,6,3,0,0,2,3,1,2,0,1,1,4,0,1,0,0,0,0,0,0,3,1,3,6,0,0,0,2,0,0,1,2,0,0,2,0,0,4,0,7,3,1,0,0,0,1,4,4,0,3,12,10,4,7,0,9,3,7,2,6,5,8,3,9,13,11,5,7,0,3,10,6,4,5,1,6,9,3,1,11,7,9,3,3,2,7,9,7,1,0,5,0,3,8,5,0,12,9,5,1,0,4,2,5,14,3,6,1,6,4,9,2,10,4,2,8,9,4,15,5,5,18,9,3,3,4,10,5,9,13,6,5,8,5,7,3,10,11,3,9,13,3,0,0,6,0,0,1,7,3,8,1,10,5,14,9,1,14,7,3,4,8,13,8
HOBBIES_1_037_CA_1_validation,HOBBIES_1_037,HOBBIES_1,HOBBIES,CA_1,CA,3,1,0,0,0,4,3,0,0,4,0,1,0,0,0,4,4,0,0,4,0,4,3,4,0,0,0,0,0,0,0,3,3,2,1,4,0,0,0,0,0,1,1,0,2,0,1,0,0,0,2,0,3,0,0,2,4,2,8,0,10,7,1,5,4,2,4,2,13,9,6,12,10,3,9,12,12,13,8,18,7,8,3,1,12,6,7,2,7,11,3,13,5,10,12,13,11,11,9,8,14,15,12,13,10,3,6,13,8,7,7,7,5,11,1,16,7,7,6,9,10,7,1,4,10,12,10,11,6,13,9,15,8,11,6,12,8,8,0,14,9,10,12,11,7,6,9,9,11,11,11,1,10,6,9,5,8,6,15,3,2,0,0,2,0,2,0,0,0,0,3,0,1,9,13,5,4,10,8,6,4,8,13,10,6,10,7,11,13,13,8,5,3,7,2,10,13,10,5,5,12,17,17,15,8,11,4,8,12,8,0,10,10,9,11,0,12,8,7,3,6,0,9,12,9,7,9,9,1,3,1,3,8,12,3,0,6,2,9,3,7,8,6,4,5,1,9,6,7,6,4,14,1,12,10,5,7,10,6,2,1,5,2,2,5,10,2,6,10,7,6,9,3
HOBBIES_1_038_CA_1_validation,HOBBIES_1_038,HOBBIES_1,HOBBIES,CA_1,CA,2,0,4,11,10,8,10,6,8,0,0,0,0,5,8,0,0,5,2,3,2,5,0,2,6,3,3,1,4,5,6,3,0,1,1,0,3,3,0,0,0,0,5,8,4,0,7,0,1,4,2,0,1,2,8,7,7,3,6,1,3,7,3,0,8,1,5,2,0,2,9,5,8,3,11,3,4,0,10,0,4,5,0,3,0,7,0,7,0,9,0,3,4,3,0,5,9,2,4,2,5,0,3,2,4,3,6,0,0,7,4,7,4,0,0,3,0,0,0,1,4,3,0,1,4,7,4,0,2,0,2,4,2,0,0,6,8,0,2,5,1,0,0,3,0,0,3,6,4,5,1,7,6,6,4,4,2,2,4,0,9,4,3,6,8,2,8,0,0,6,1,7,2,5,7,5,4,0,8,0,1,2,2,1,6,4,0,7,2,2,2,4,1,2,6,3,0,0,2,4,0,0,5,0,4,0,0,4,1,4,0,2,3,6,5,3,2,0,6,4,9,5,2,0,5,6,4,7,3,12,9,0,0,0,1,5,0,0,0,0,0,0,5,0,4,1,0,0,2,7,3,7,4,5,2,8,2,0,4,0,0,7,0,0,0,7,3,0,0,7,8,0,10
HOBBIES_1_039_CA_1_validation,HOBBIES_1_039,HOBBIES_1,HOBBIES,CA_1,CA,0,3,0,0,0,0,2,0,0,0,0,3,0,0,0,0,3,0,0,0,0,0,0,4,0,0,2,0,1,0,2,3,0,0,0,3,3,0,4,0,1,0,0,4,1,1,0,0,0,0,1,0,4,0,0,2,2,0,0,0,1,0,0,0,2,0,0,0,5,1,0,7,4,0,5,0,3,3,1,5,0,0,3,1,7,0,0,0,0,2,0,0,0,1,3,4,1,0,0,0,0,0,0,4,3,0,4,0,1,0,0,4,0,3,4,0,3,0,2,0,1,1,0,3,1,0,0,6,5,1,8,6,0,0,3,0,0,5,6,2,4,0,1,0,0,1,0,1,1,6,6,3,0,1,4,6,0,3,0,2,0,2,5,0,0,0,0,0,1,0,3,4,0,1,0,0,6,0,0,5,0,1,0,0,0,0,4,8,3,3,0,0,5,0,2,3,1,1,3,9,0,4,0,5,0,4,2,0,2,0,3,2,3,0,3,5,3,0,0,0,0,0,7,4,0,0,0,0,0,0,2,1,0,0,4,1,4,5,0,0,0,0,4,0,4,4,2,0,1,0,0,4,0,5,1,0,4,0,2,0,5,2,6,0,5,6,0,1,5,0,0,0,0
HOBBIES_1_040_CA_1_validation,HOBBIES_1_040,HOBBIES_1,HOBBIES,CA_1,CA,0,0,4,0,2,0,1,3,0,3,0,0,3,0,0,0,4,0,0,0,0,2,0,0,0,4,0,1,2,2,2,4,0,1,3,2,0,1,0,0,1,4,0,0,2,1,0,4,0,4,0,0,0,4,0,0,0,0,0,0,4,0,0,0,0,0,2,1,0,0,1,10,8,17,12,10,14,10,9,10,12,11,16,11,13,16,18,10,16,13,16,20,14,12,13,10,6,15,13,6,7,18,16,15,14,11,18,15,3,15,8,7,17,13,7,10,5,1,3,5,11,7,9,12,8,22,10,8,8,5,0,1,0,0,0,0,3,0,2,0,0,1,4,6,1,3,2,6,4,5,3,7,4,5,0,4,6,3,7,4,0,0,3,1,4,0,1,0,4,1,0,0,6,13,12,14,1,12,6,9,11,0,0,5,8,4,0,0,5,4,6,8,12,10,9,10,10,7,7,5,4,3,0,0,0,0,7,0,0,2,4,6,0,4,0,0,0,1,1,0,5,4,3,2,5,0,0,0,6,3,7,6,4,3,0,5,5,5,9,5,8,0,1,9,9,5,9,12,11,7,8,1,10,8,0,7,6,13,6,8,12,12,12,8,17,8,11,0,6,9,17,5,9
HOBBIES_1_041_CA_1_validation,HOBBIES_1_041,HOBBIES_1,HOBBIES,CA_1,CA,3,0,2,0,0,0,2,4,3,2,0,3,4,2,0,0,0,0,2,4,0,0,3,5,5,7,7,0,0,9,5,0,0,4,7,5,4,0,6,5,7,0,1,0,5,0,0,0,8,0,4,6,0,4,5,0,6,1,7,0,2,6,0,0,6,2,6,8,0,4,8,1,5,5,1,0,11,9,1,0,2,1,6,1,3,1,0,5,5,0,1,4,5,10,2,3,3,0,0,0,2,8,5,0,2,4,4,1,0,0,0,2,6,1,4,5,0,3,0,8,1,4,2,1,2,7,0,8,0,0,1,8,7,5,10,2,1,6,5,6,0,5,12,0,2,0,5,0,6,5,0,1,1,8,2,0,1,4,4,1,5,0,9,0,6,10,1,2,0,4,1,0,0,0,3,0,4,4,0,7,8,1,5,4,0,1,1,0,10,1,0,2,3,0,0,2,0,5,0,0,3,4,6,3,0,4,5,0,0,0,1,0,0,4,2,7,1,0,0,1,0,0,3,1,0,4,4,0,0,0,2,0,3,0,1,0,0,0,5,4,2,0,5,0,5,9,6,0,1,1,0,0,4,5,0,6,2,0,0,1,0,6,1,6,4,0,4,5,0,5,0,0,4
HOBBIES_1_042_CA_1_validation,HOBBIES_1_042,HOBBIES_1,HOBBIES,CA_1,CA,0,4,1,0,2,0,2,4,0,3,4,0,2,0,2,3,0,1,0,4,0,0,4,4,0,0,3,3,0,0,0,0,1,0,0,0,4,0,3,1,0,0,2,0,0,0,0,2,0,3,13,12,13,13,10,12,0,2,11,15,9,12,12,11,6,17,8,2,3,4,8,4,7,12,17,0,11,10,9,6,17,7,11,5,12,8,12,10,11,20,8,2,11,3,2,8,3,5,4,3,0,8,10,2,4,1,1,3,7,6,3,3,0,8,0,6,0,4,7,5,3,2,0,4,3,0,4,3,9,7,5,0,3,5,9,1,6,7,6,4,0,3,6,4,0,3,3,4,3,9,11,5,0,0,3,0,0,10,3,6,5,10,11,3,0,10,7,8,6,0,1,2,7,2,0,0,0,5,3,0,8,1,2,0,1,0,0,6,5,1,0,1,2,1,0,4,0,0,13,2,6,0,0,8,3,6,1,5,11,4,6,2,2,1,5,3,0,0,3,0,3,5,3,6,4,2,4,0,1,0,2,4,1,5,4,0,0,0,0,6,4,0,1,0,1,1,4,1,6,2,4,5,3,11,1,1,4,5,4,6,8,8,9,0,4,6,7,0,2,6,3,3,5
HOBBIES_1_043_CA_1_validation,HOBBIES_1_043,HOBBIES_1,HOBBIES,CA_1,CA,0,0,30,7,32,47,20,45,30,19,50,23,59,61,70,31,20,37,43,38,36,60,48,22,76,64,36,38,22,28,6,23,20,41,76,27,40,36,48,23,45,60,27,44,45,40,19,31,22,26,48,43,96,68,28,39,45,41,13,26,35,24,35,34,38,39,23,29,24,34,27,49,20,21,26,28,24,41,35,22,34,34,66,11,30,8,39,29,20,19,6,53,27,29,23,51,25,21,20,10,33,32,29,38,8,28,37,15,18,33,47,31,35,46,28,48,29,23,19,24,27,28,16,19,20,24,30,18,22,26,32,33,30,30,18,20,17,39,22,24,21,12,22,30,26,58,13,18,29,26,25,19,33,28,25,26,41,37,17,30,16,19,44,37,27,16,38,18,21,21,21,18,16,79,36,28,23,25,34,28,30,15,17,20,12,1,15,21,5,7,10,21,0,31,8,17,12,12,15,13,4,18,15,1,12,8,1,5,0,11,8,6,18,5,10,2,1,1,0,7,29,11,21,27,22,15,23,22,14,12,18,10,2,55,24,10,27,9,20,30,14,6,33,49,34,33,17,33,31,33,31,17,15,7,6,1,31,12,8,53,32,34,16,13,32,30,15,13,11,15,26,13,1
HOBBIES_1_044_CA_1_validation,HOBBIES_1_044,HOBBIES_1,HOBBIES,CA_1,CA,22,20,24,26,15,6,7,20,17,9,10,6,14,7,9,9,20,13,7,9,6,0,22,5,3,11,16,3,16,9,13,16,16,7,17,27,13,10,17,18,4,11,13,6,12,10,11,13,13,5,9,4,14,10,3,13,12,12,19,9,15,18,29,10,14,20,3,5,10,3,6,6,7,6,0,7,0,2,0,4,2,6,4,6,13,4,4,4,3,4,0,9,7,8,4,8,10,7,9,4,7,3,7,2,10,8,8,16,15,9,0,6,5,14,16,12,16,12,5,15,10,11,15,7,8,13,8,11,11,10,10,13,17,13,4,8,14,11,6,15,9,0,13,7,12,11,9,1,4,8,0,7,3,5,1,4,3,4,8,8,0,7,7,5,9,7,15,6,4,11,7,4,6,11,8,0,5,9,7,7,7,3,1,8,1,8,7,5,6,5,3,5,4,5,4,0,1,7,0,6,3,4,3,0,6,6,0,9,9,4,1,7,0,4,10,3,6,11,3,11,12,8,9,10,9,7,8,4,0,8,0,8,2,2,3,5,7,2,2,5,4,7,9,0,6,8,8,2,5,3,6,1,6,5,7,0,1,7,0,4,0,3,2,0,7,3,3,4,6,7,0,0,0
HOBBIES_1_045_CA_1_validation,HOBBIES_1_045,HOBBIES_1,HOBBIES,CA_1,CA,0,3,0,4,4,0,0,4,0,0,0,4,4,3,0,0,0,2,0,2,3,0,0,0,0,0,0,0,0,0,0,2,2,0,0,0,0,1,1,0,0,0,0,0,0,0,0,4,0,0,0,0,2,2,3,0,0,0,4,0,1,3,1,3,0,4,0,0,0,1,0,0,1,4,0,0,4,4,0,0,3,0,1,3,0,0,2,0,0,1,0,0,0,0,4,0,0,0,0,0,0,0,0,0,2,0,1,0,3,1,2,0,0,1,0,0,1,0,4,0,0,0,0,0,0,0,0,4,0,0,0,0,2,2,0,1,4,0,0,2,0,4,0,0,0,0,0,0,0,2,0,1,2,0,4,3,0,0,0,4,0,2,0,0,2,0,0,0,0,0,0,0,0,0,0,4,0,0,3,0,0,0,2,0,0,0,3,3,1,7,0,2,2,5,2,4,0,5,2,3,0,1,0,0,6,3,7,4,2,3,7,4,12,0,7,4,1,7,0,5,3,5,2,9,5,5,0,4,2,1,7,5,0,5,2,6,0,5,5,3,1,0,0,1,0,4,7,2,4,0,8,0,3,0,7,0,1,4,0,8,11,4,2,1,13,0,4,4,0,0,4,0,8
HOBBIES_1_046_CA_1_validation,HOBBIES_1_046,HOBBIES_1,HOBBIES,CA_1,CA,1,2,0,0,0,0,4,0,0,0,2,3,1,0,0,0,0,1,4,0,0,0,4,0,0,2,0,1,0,0,2,1,0,2,0,0,0,2,0,0,0,0,0,0,0,0,1,0,0,0,3,2,0,0,2,3,0,3,0,0,0,0,0,0,0,0,0,4,0,0,0,0,0,1,3,0,0,0,0,0,0,2,0,4,4,0,4,0,0,0,0,0,0,0,4,0,0,0,4,0,3,0,4,0,2,0,0,0,1,0,0,0,0,2,0,3,3,0,0,0,4,0,3,3,0,0,0,2,0,0,0,0,2,0,2,1,3,1,0,0,0,0,0,0,0,1,0,1,0,0,1,0,3,0,3,0,2,0,0,0,1,0,3,0,0,0,0,1,2,4,3,0,0,0,0,2,0,0,0,0,0,1,0,0,0,4,0,3,0,2,0,0,0,3,0,0,0,0,2,0,0,2,0,9,2,0,1,5,3,7,2,2,0,8,9,7,2,0,7,5,0,8,5,5,2,0,5,4,0,3,6,2,1,6,2,0,8,6,3,9,4,4,0,3,7,6,1,4,3,0,7,9,7,12,5,7,1,0,7,6,11,3,7,4,6,11,13,10,5,5,13,9,10
HOBBIES_1_047_CA_1_validation,HOBBIES_1_047,HOBBIES_1,HOBBIES,CA_1,CA,15,23,21,25,29,22,23,6,21,11,15,15,14,12,10,12,23,22,18,14,8,4,0,4,3,0,3,0,7,3,8,14,20,16,7,16,12,14,6,5,11,8,11,15,15,11,8,0,11,11,18,11,14,13,11,6,6,5,13,17,19,6,11,8,2,9,3,7,5,19,12,10,8,10,4,7,4,11,5,1,4,10,14,0,8,0,17,10,25,5,12,22,11,10,13,5,2,7,8,15,12,14,0,21,4,9,10,13,5,5,4,5,6,0,9,0,1,8,10,3,2,8,9,11,4,9,10,21,11,10,11,16,20,9,10,12,20,14,5,10,12,12,14,7,11,9,4,8,7,10,11,10,0,3,7,2,0,0,4,7,4,4,13,1,6,2,8,12,6,0,0,0,0,5,12,5,13,7,14,14,10,7,16,7,7,13,15,7,4,4,6,13,7,11,0,9,14,7,11,10,9,8,3,9,3,9,6,6,15,10,25,3,10,5,11,19,12,8,2,6,9,5,12,18,9,9,17,16,10,7,11,4,11,0,9,7,5,13,0,8,5,10,8,5,17,13,11,4,17,7,7,6,13,17,12,8,12,8,8,17,12,2,14,11,3,0,0,0,0,8,9,24,0
HOBBIES_1_048_CA_1_validation,HOBBIES_1_048,HOBBIES_1,HOBBIES,CA_1,CA,0,0,0,3,0,4,0,1,4,0,0,0,0,0,3,4,1,4,2,0,0,4,0,2,2,4,0,0,1,0,4,0,0,0,3,4,0,0,4,0,0,2,0,0,0,0,0,0,4,7,67,46,35,24,28,43,48,38,76,90,19,43,29,27,28,8,0,0,0,39,24,12,38,30,20,10,14,10,0,0,0,4,0,0,3,0,0,0,1,4,2,4,1,0,3,0,3,0,0,0,0,0,2,47,105,15,112,65,99,23,45,81,13,72,76,113,65,14,49,46,104,77,68,58,64,114,59,51,68,46,50,72,74,68,48,6,81,82,60,74,79,53,69,58,95,81,102,43,97,67,81,71,77,89,102,68,95,111,78,85,94,90,75,85,65,81,119,54,106,116,64,69,103,86,80,74,69,66,74,31,90,138,120,136,113,86,88,96,145,119,99,112,116,137,89,143,124,90,113,75,99,118,60,86,80,86,116,52,58,52,56,57,102,103,56,56,83,137,71,94,45,72,106,47,112,85,83,75,65,66,71,123,113,63,106,106,73,76,132,113,151,149,87,122,74,79,126,106,95,100,140,111,151,138,91,120,100,137,103,78,92,127,107,139,92,158,159,110,113,125,134,114,122
HOBBIES_1_049_CA_1_validation,HOBBIES_1_049,HOBBIES_1,HOBBIES,CA_1,CA,0,0,0,0,0,4,0,4,2,0,2,0,2,4,0,0,1,0,1,0,0,0,0,0,0,1,0,0,3,3,1,7,0,4,5,3,0,0,6,10,0,3,2,0,0,5,10,3,1,2,3,2,0,4,8,1,0,0,5,1,0,8,5,2,5,0,0,10,0,1,5,5,4,7,6,8,9,7,7,1,5,4,3,6,2,8,0,5,5,4,5,5,5,6,0,0,1,9,0,1,2,0,2,4,0,5,7,0,7,9,2,0,0,3,1,3,0,6,5,0,7,6,7,0,3,8,4,2,8,2,6,3,4,6,0,4,4,0,1,2,5,4,4,4,0,3,0,0,0,4,0,0,0,2,4,4,2,0,3,0,2,0,0,3,0,0,3,0,0,0,0,3,2,1,0,0,0,2,2,3,2,0,0,0,4,2,0,0,0,0,2,2,4,0,3,1,6,6,1,4,6,0,0,7,0,4,3,5,2,6,0,0,0,3,4,1,1,8,9,0,0,0,0,5,0,0,1,1,0,0,9,6,3,0,3,2,9,6,3,6,3,7,2,3,0,0,7,7,5,0,4,4,2,3,3,0,3,8,10,4,3,8,9,3,2,2,10,3,3,6,0,7,4
HOBBIES_1_050_CA_1_validation,HOBBIES_1_050,HOBBIES_1,HOBBIES,CA_1,CA,11,7,0,1,2,0,0,5,2,11,1,7,9,1,5,3,4,3,0,2,5,7,8,3,2,9,5,8,8,12,9,5,6,0,8,10,3,7,5,7,8,13,3,0,8,8,4,4,6,0,8,7,0,3,9,5,4,8,3,5,2,9,6,12,4,7,9,2,8,0,0,11,9,6,13,9,12,10,7,8,12,7,2,10,8,7,12,9,10,12,13,11,7,12,8,13,7,4,12,10,10,7,8,10,13,0,9,4,9,7,2,7,9,19,21,12,7,9,11,10,6,8,5,7,3,10,9,2,3,4,1,8,7,4,5,0,0,8,4,6,5,8,7,3,5,9,12,7,0,4,2,9,4,8,1,9,12,4,6,4,9,6,9,10,10,12,2,8,19,9,7,13,12,4,15,6,8,2,10,12,9,7,10,8,4,13,7,6,13,8,3,9,12,2,3,8,9,9,15,7,3,7,5,6,0,4,0,0,25,20,16,0,5,10,11,5,0,0,0,0,0,0,5,6,13,20,15,16,3,5,5,6,2,9,1,3,4,2,0,13,20,10,11,4,7,7,7,7,14,19,9,8,5,14,13,15,12,13,12,20,13,9,5,16,16,8,16,9,5,21,19,27,11
HOBBIES_1_051_CA_1_validation,HOBBIES_1_051,HOBBIES_1,HOBBIES,CA_1,CA,2,0,0,0,0,0,4,4,3,0,0,3,0,0,4,0,0,4,4,0,4,0,0,0,0,3,0,4,0,0,0,0,0,0,2,4,0,4,4,1,4,3,0,0,0,0,0,0,0,2,0,2,0,3,1,1,0,1,0,0,0,0,0,2,3,0,3,3,3,0,0,2,0,0,0,4,0,0,3,2,1,0,1,0,0,3,0,0,2,3,0,0,1,0,0,0,0,0,0,3,0,0,0,1,0,0,1,0,4,1,0,0,3,0,0,0,0,0,0,0,0,2,0,0,3,1,6,0,5,0,3,0,0,6,3,3,4,0,0,1,7,0,0,6,1,6,0,0,0,6,0,0,1,6,7,0,8,2,6,6,3,2,2,0,3,0,4,6,0,2,6,4,4,5,2,4,3,0,4,0,5,0,0,1,6,3,0,0,1,0,1,4,4,0,6,5,7,3,7,3,0,0,0,4,0,5,1,2,7,7,4,5,0,0,5,1,0,5,0,1,0,0,0,0,2,0,0,0,1,3,0,6,3,2,6,0,0,0,0,4,4,4,0,0,0,0,1,1,3,0,5,1,3,1,2,8,0,0,1,3,1,0,0,7,0,0,0,0,0,1,0,3,1
HOBBIES_1_052_CA_1_validation,HOBBIES_1_052,HOBBIES_1,HOBBIES,CA_1,CA,0,0,3,0,1,0,0,1,2,3,1,3,0,0,0,0,0,4,4,1,2,0,0,4,0,0,2,0,1,4,3,1,2,0,1,0,0,1,0,3,3,2,0,4,0,4,0,0,2,0,4,0,1,0,0,0,0,5,0,0,0,0,0,0,2,3,0,0,2,0,0,0,0,0,3,5,0,0,0,3,2,0,0,3,0,0,3,0,0,5,5,1,0,0,0,0,3,2,3,0,0,0,0,0,1,3,0,0,4,0,5,0,0,3,4,0,6,3,6,0,1,0,1,4,4,1,3,2,0,0,0,0,0,1,0,0,0,0,0,0,0,0,0,4,2,2,3,2,0,0,0,3,0,0,0,0,1,4,0,0,0,0,3,0,1,0,0,0,0,2,0,0,0,1,0,0,3,5,3,1,0,0,0,3,0,0,2,5,0,0,2,0,2,0,4,2,2,1,5,0,2,1,0,6,1,6,2,0,3,0,3,0,6,7,2,6,1,3,0,3,0,2,0,0,4,2,0,0,5,0,2,1,0,1,0,0,0,1,0,4,0,2,0,0,2,4,1,0,3,0,0,1,0,2,1,1,0,0,6,2,0,4,0,1,1,0,0,3,3,0,1,0,0
HOBBIES_1_053_CA_1_validation,HOBBIES_1_053,HOBBIES_1,HOBBIES,CA_1,CA,0,0,2,2,0,0,4,3,0,0,1,0,4,1,0,0,0,0,3,0,0,0,0,0,2,0,0,4,0,0,2,0,1,2,2,0,0,4,2,0,0,0,4,3,3,0,0,4,3,0,3,0,2,0,3,0,3,0,0,0,4,4,0,4,2,2,0,0,0,0,0,2,0,4,0,4,0,2,0,0,0,0,0,0,4,0,0,0,0,0,2,0,4,0,0,0,0,4,0,0,0,0,0,0,0,3,4,0,2,0,0,0,1,3,0,0,1,0,4,3,2,0,4,0,0,4,5,5,0,3,0,0,0,3,0,0,0,0,0,2,2,0,0,10,6,0,5,7,6,9,8,2,10,1,2,3,3,3,3,0,0,4,1,0,0,0,0,0,0,1,2,5,3,0,7,1,3,0,0,3,2,0,0,5,0,0,3,3,9,0,1,0,0,4,1,0,0,0,0,1,0,1,2,2,3,3,4,3,0,4,0,4,0,4,3,2,0,1,0,3,0,3,0,0,0,7,0,0,0,4,3,0,4,0,6,0,2,0,0,4,1,1,0,3,0,0,0,0,0,7,10,0,5,0,4,0,0,3,0,0,0,2,0,5,0,0,5,0,0,0,0,3,7
HOBBIES_1_054_CA_1_validation,HOBBIES_1_054,HOBBIES_1,HOBBIES,CA_1,CA,0,0,0,0,2,0,1,0,2,4,0,2,0,0,3,0,4,0,3,4,4,0,0,3,0,0,2,3,0,4,0,0,0,3,0,0,0,2,0,0,1,1,3,4,0,0,0,0,1,0,3,1,3,2,3,4,0,1,1,4,0,1,2,0,0,3,0,0,2,0,0,0,3,0,0,0,0,0,0,3,0,0,0,0,0,1,4,1,2,3,0,0,0,1,4,3,0,0,3,0,0,0,0,0,0,0,0,0,0,0,0,2,0,0,0,0,1,4,2,4,3,0,3,1,0,0,0,2,4,3,0,0,4,4,0,0,0,0,3,0,0,0,3,4,1,0,0,2,3,6,8,9,2,0,1,0,4,0,3,4,3,5,0,1,0,2,4,3,0,4,3,2,0,5,0,3,0,8,0,0,0,2,1,0,0,0,1,0,0,0,2,2,4,1,0,1,2,0,2,3,0,2,3,0,0,0,0,0,6,0,0,4,3,0,0,0,1,1,0,0,1,0,2,1,1,0,4,2,5,4,3,0,0,2,2,0,2,10,0,7,0,0,2,7,2,4,7,3,5,4,0,3,0,7,5,3,0,3,0,0,1,1,3,6,9,6,0,0,6,0,0,5,1
HOBBIES_1_055_CA_1_validation,HOBBIES_1_055,HOBBIES_1,HOBBIES,CA_1,CA,7,6,6,3,10,7,8,5,9,7,7,5,8,9,7,14,10,9,2,17,15,7,18,15,8,12,5,0,14,13,6,2,14,2,18,15,9,9,23,6,15,17,14,29,13,12,14,18,18,13,14,15,17,9,9,10,18,16,11,5,8,4,6,3,10,6,11,10,14,8,18,17,4,0,7,11,7,1,22,4,5,13,10,14,2,5,13,12,17,15,11,2,0,3,1,10,4,1,8,12,12,10,19,12,21,6,11,10,14,25,25,19,12,24,17,10,25,25,19,16,21,12,12,12,16,14,13,12,14,16,23,24,17,22,20,25,16,19,16,15,20,7,26,18,15,18,17,28,21,28,18,16,16,8,11,14,21,11,0,0,0,0,2,1,4,6,25,26,25,25,18,22,21,20,13,15,11,17,10,18,19,13,17,13,13,11,14,17,16,18,17,15,17,17,19,15,20,15,10,13,19,17,18,6,18,21,25,20,10,20,19,3,7,15,19,19,7,21,14,12,9,18,17,20,15,16,12,17,19,24,24,17,11,20,19,15,22,15,27,28,13,13,19,17,12,13,12,13,17,10,13,8,10,13,19,4,20,4,0,0,15,15,19,10,17,12,15,15,16,9,16,14,25
HOBBIES_1_056_CA_1_validation,HOBBIES_1_056,HOBBIES_1,HOBBIES,CA_1,CA,0,0,0,0,3,0,0,0,0,0,0,0,3,2,0,0,0,0,1,0,0,0,0,0,0,0,2,2,0,3,2,0,0,2,4,4,4,0,0,0,0,0,1,0,3,0,0,0,0,4,4,0,0,0,2,1,0,4,0,0,0,4,0,1,0,3,0,2,0,0,2,0,0,1,0,0,0,0,0,0,2,0,0,0,3,2,2,0,0,1,1,4,0,0,4,3,0,0,1,1,2,3,3,0,0,2,0,0,13,9,0,12,9,6,10,16,0,13,26,8,16,29,8,11,5,0,1,0,0,8,14,4,2,0,4,3,0,0,1,0,1,6,3,12,3,9,19,6,9,21,16,0,2,7,20,21,10,16,15,1,0,21,7,7,0,1,2,5,14,11,14,6,13,13,20,7,10,18,17,12,21,14,0,6,6,6,6,0,1,9,9,6,21,14,13,11,14,14,11,12,7,11,9,16,14,20,18,12,9,17,14,17,14,16,3,0,16,15,48,25,26,35,26,7,14,7,11,9,15,14,15,2,22,18,7,7,2,0,12,12,18,8,23,11,4,4,22,14,24,22,18,17,36,18,29,13,9,9,5,11,8,6,14,14,11,1,13,7,15,8,18,16,7
HOBBIES_1_057_CA_1_validation,HOBBIES_1_057,HOBBIES_1,HOBBIES,CA_1,CA,0,0,3,0,0,0,4,2,4,0,0,0,0,0,0,1,1,0,0,0,0,4,0,0,0,3,1,4,0,1,3,3,4,0,3,0,0,0,3,2,3,0,0,2,0,0,4,2,2,3,1,1,4,4,4,0,4,0,4,2,0,0,0,4,0,0,0,3,0,2,4,0,0,0,3,3,3,6,7,8,5,6,11,5,2,6,0,3,8,8,10,4,2,1,7,11,4,7,5,0,4,1,9,3,6,4,3,6,6,11,2,0,7,2,3,3,4,4,1,7,1,15,2,5,8,4,13,9,8,13,6,7,9,6,14,10,11,15,12,14,10,4,0,4,6,4,7,7,1,0,6,4,6,4,5,0,6,3,4,6,2,4,0,0,3,0,10,9,5,2,3,2,2,3,12,2,5,9,8,12,4,11,4,13,17,4,7,3,6,10,5,14,5,3,8,6,5,3,4,10,11,7,3,9,0,4,5,8,1,3,5,2,0,1,7,0,0,4,5,4,13,5,2,9,11,13,16,3,13,15,18,11,17,11,14,11,10,13,5,11,9,5,3,18,11,12,17,11,18,10,14,7,7,13,10,5,10,4,11,9,9,3,8,4,2,6,3,7,0,4,0,2,4
HOBBIES_1_058_CA_1_validation,HOBBIES_1_058,HOBBIES_1,HOBBIES,CA_1,CA,4,1,9,14,4,4,1,8,2,3,5,5,9,1,6,7,0,7,8,4,4,9,7,3,11,11,0,0,1,1,5,7,3,0,8,10,3,1,0,4,1,2,6,4,7,4,9,11,2,0,3,0,3,0,0,1,1,0,3,0,1,0,0,4,2,0,0,0,5,0,1,3,0,6,8,4,3,7,12,11,4,8,4,2,11,4,7,1,1,3,1,3,5,6,0,4,5,0,0,0,4,4,0,0,1,0,11,7,0,0,1,1,4,3,5,2,0,2,3,3,3,5,2,6,3,0,6,0,2,2,2,11,10,8,6,5,4,3,3,9,5,1,5,6,0,6,2,5,2,0,0,6,2,0,8,0,3,9,14,7,1,5,1,8,2,9,1,7,12,17,11,0,3,0,10,5,9,3,0,0,5,8,0,8,0,7,1,1,5,6,3,0,0,4,2,1,0,1,1,3,0,4,2,0,1,0,8,0,5,3,1,0,2,4,0,3,4,6,3,0,4,1,0,2,4,2,7,2,7,4,5,0,0,0,5,1,10,0,5,1,3,1,1,1,11,6,6,4,4,0,1,0,0,7,0,1,11,1,7,6,1,0,0,8,3,3,0,0,8,1,0,6,7
HOBBIES_1_060_CA_1_validation,HOBBIES_1_060,HOBBIES_1,HOBBIES,CA_1,CA,4,4,0,0,0,2,0,4,2,0,0,0,0,4,0,0,0,3,0,0,0,3,0,0,0,3,0,0,0,0,1,0,0,0,0,0,2,0,0,0,0,0,0,4,1,0,0,0,3,0,2,0,1,0,4,2,0,0,0,0,0,0,4,0,0,0,0,2,3,0,2,0,0,0,4,0,3,0,4,3,0,0,0,0,0,1,3,0,0,4,0,1,0,0,5,0,0,0,4,6,0,0,7,0,6,0,3,0,1,5,3,6,4,0,5,7,0,5,0,4,0,0,0,2,0,4,6,0,0,3,0,5,4,0,0,2,5,5,0,5,6,4,0,1,0,3,0,4,0,5,1,1,0,1,6,1,0,1,2,0,5,1,0,0,0,1,3,0,5,2,2,0,0,0,6,4,3,0,0,3,4,5,5,0,2,3,0,0,1,6,0,0,0,0,8,5,0,0,2,4,3,2,5,8,0,0,2,3,1,0,0,1,0,0,0,6,7,0,1,2,0,1,0,4,5,3,0,2,2,7,5,5,6,0,6,3,6,1,0,3,0,1,8,0,4,2,4,7,7,5,6,7,11,0,8,6,2,8,7,6,6,0,0,0,4,0,2,2,0,6,6,2,0
HOBBIES_1_061_CA_1_validation,HOBBIES_1_061,HOBBIES_1,HOBBIES,CA_1,CA,5,9,0,4,1,3,2,5,9,0,2,4,7,9,7,6,1,7,6,8,8,5,0,4,5,0,5,11,5,3,6,11,5,2,6,0,8,2,4,3,0,0,4,3,0,6,0,4,3,8,0,6,1,0,1,6,8,0,6,0,6,0,1,2,4,2,4,0,4,0,4,3,3,0,4,4,0,5,2,5,5,7,0,1,0,0,2,0,1,2,0,0,2,0,0,5,5,1,6,2,0,0,0,4,0,0,0,0,0,0,0,0,9,5,0,6,0,5,8,10,5,4,5,7,5,4,1,3,3,7,3,8,1,0,1,0,2,5,0,9,7,2,2,5,1,7,1,2,1,2,11,5,4,0,2,8,6,4,2,2,5,7,0,0,0,5,0,11,0,1,0,5,0,4,3,3,5,0,1,0,0,1,2,1,0,0,0,0,5,0,0,5,0,2,2,5,6,5,0,3,0,2,4,0,4,0,3,0,4,3,0,8,0,4,5,0,5,4,1,4,4,2,0,3,1,4,4,4,0,5,0,0,4,0,1,4,0,1,3,2,0,0,0,0,5,0,4,3,0,0,0,2,0,0,0,4,4,3,3,0,1,0,0,2,2,1,0,4,0,3,3,0,1
HOBBIES_1_062_CA_1_validation,HOBBIES_1_062,HOBBIES_1,HOBBIES,CA_1,CA,0,0,0,0,0,3,1,2,0,0,0,1,2,0,2,0,0,0,0,0,3,2,3,0,1,1,2,3,1,2,0,0,3,0,0,0,0,0,0,3,0,3,1,0,4,0,0,4,0,0,0,0,3,0,1,0,0,0,1,0,0,0,0,0,0,0,4,0,2,0,0,2,0,0,0,1,0,1,4,0,0,3,0,0,0,0,0,1,4,0,0,2,3,0,0,1,0,0,1,0,0,2,0,2,4,0,0,0,4,0,0,1,1,0,3,0,0,0,0,4,0,2,0,3,5,0,0,1,0,0,1,3,3,0,2,5,0,3,4,0,0,4,0,0,0,0,0,1,1,1,0,2,0,0,0,2,0,3,3,0,3,0,0,5,0,3,1,0,0,0,1,0,0,0,3,0,1,0,1,0,5,0,2,5,0,6,1,2,3,0,0,0,0,0,0,0,0,4,1,0,3,0,4,0,0,5,3,0,0,0,4,3,5,2,0,2,0,9,0,0,4,0,0,0,3,0,2,1,3,4,0,0,0,0,0,2,0,0,1,4,2,0,3,1,0,0,0,5,0,6,0,0,5,0,2,0,5,4,3,0,3,1,0,0,1,0,0,0,0,3,0,0,1
HOBBIES_1_063_CA_1_validation,HOBBIES_1_063,HOBBIES_1,HOBBIES,CA_1,CA,1,7,3,0,6,3,0,11,10,10,2,1,0,7,7,0,9,0,0,4,5,1,0,0,6,0,5,0,3,2,6,2,4,7,7,9,6,0,0,0,0,5,0,3,2,5,4,0,4,8,3,0,3,0,2,2,2,0,8,5,0,9,3,4,2,1,3,0,7,2,0,1,5,2,4,0,0,1,7,5,1,0,3,1,2,0,0,0,0,0,0,0,0,3,0,4,2,0,0,2,0,0,0,0,1,4,0,0,0,0,0,6,0,4,0,3,0,0,0,3,0,1,0,0,1,0,2,0,3,0,0,0,0,0,3,3,0,0,0,4,0,0,0,3,4,5,6,0,0,2,0,5,0,1,4,0,0,0,2,5,0,4,5,0,0,1,3,0,0,0,0,0,2,0,3,0,0,0,5,0,0,3,2,1,0,0,4,3,0,0,3,3,1,2,3,3,6,0,0,4,0,4,4,4,3,0,1,0,2,0,3,5,7,5,2,0,4,0,0,4,1,6,0,2,2,0,2,1,0,0,6,0,0,0,0,0,0,0,2,0,3,0,0,0,4,2,3,4,1,0,3,0,0,2,0,0,3,0,5,0,1,0,0,3,6,0,2,2,2,3,7,0,0
HOBBIES_1_064_CA_1_validation,HOBBIES_1_064,HOBBIES_1,HOBBIES,CA_1,CA,0,8,7,0,3,11,13,4,7,7,2,4,1,0,3,3,4,3,7,0,3,0,9,5,11,6,13,9,5,11,9,4,4,3,7,13,2,14,5,15,8,15,18,7,11,18,10,10,18,7,5,12,7,9,10,7,18,15,24,19,21,10,17,26,18,3,2,0,0,7,16,31,15,11,11,16,15,10,13,14,15,10,14,17,12,22,11,17,15,10,9,7,14,9,9,8,6,5,14,5,0,5,13,12,15,18,13,18,15,22,15,21,18,11,3,15,10,8,10,15,11,19,21,12,9,7,6,11,14,6,17,6,18,10,12,13,6,15,12,12,5,15,15,16,11,3,17,14,22,13,19,15,17,9,15,11,21,11,8,3,0,0,3,0,0,1,0,2,0,0,3,0,6,14,21,10,17,11,16,19,16,20,15,21,12,16,7,19,9,8,14,21,14,9,12,16,19,20,13,23,15,19,20,19,20,20,23,22,19,22,20,20,15,22,13,20,19,22,17,13,21,6,17,12,24,12,17,14,13,12,17,7,9,14,16,18,11,12,7,13,15,13,6,15,15,10,7,17,19,18,14,15,14,17,13,15,15,14,15,12,18,17,17,13,14,11,12,15,12,10,21,20,16
HOBBIES_1_065_CA_1_validation,HOBBIES_1_065,HOBBIES_1,HOBBIES,CA_1,CA,0,0,0,0,1,1,0,2,1,0,0,1,0,2,0,0,0,2,0,0,0,1,0,2,2,4,1,0,3,0,0,0,1,0,0,0,0,0,1,0,3,2,4,3,0,1,0,2,0,4,0,0,0,0,0,0,3,2,0,2,0,1,0,0,1,4,2,2,2,4,5,4,0,0,0,5,0,0,0,0,4,0,0,1,0,2,0,0,3,1,0,0,2,5,2,1,4,0,2,4,0,0,4,0,0,5,3,0,4,0,3,0,0,0,0,5,0,0,1,0,0,0,8,2,4,8,0,0,0,0,1,1,4,0,0,0,3,0,0,5,1,0,4,6,3,4,0,5,0,5,5,0,5,0,0,0,0,0,0,5,2,3,0,1,0,0,3,3,6,5,1,0,0,1,6,0,3,0,0,0,0,3,2,0,0,0,4,2,1,0,0,2,0,4,4,5,0,0,0,3,5,3,6,0,1,0,5,1,0,0,3,0,0,4,0,4,0,0,0,0,0,3,7,2,0,0,1,0,0,5,0,0,1,0,1,4,2,1,1,4,1,1,0,1,0,2,0,4,5,2,2,0,1,0,0,0,3,1,4,4,3,0,3,0,0,2,0,0,4,0,0,0,0
